{
  "name": "auth0-angular",
  "main": "build/auth0-angular.js",
  "dependencies": {
    "angular": "*",
    "auth0-lock": ">= 6.3.0",
    "auth0.js": ">= 5.2.2"
  },
  "devDependencies": {
    "angular-mocks": "~1.5.5",
    "angular-route": "~1.5.5"
  },
  "resolutions": {
    "angular": "1.5.5"
  },
  "homepage": "https://github.com/auth0/auth0-angular",
  "version": "4.2.3",
  "_release": "4.2.3",
  "_resolution": {
    "type": "version",
    "tag": "v4.2.3",
    "commit": "8e3271a6247e3e15e48ef5004b7731146523acf0"
  },
  "_source": "https://github.com/auth0/auth0-angular.git",
  "_target": "^4.2.3",
  "_originalSource": "auth0-angular",
  "_direct": true
}