{
  "name": "ionic-numberpicker",
  "version": "1.1.4",
  "authors": [
    "milk can llc <matt@milkcan.io>"
  ],
  "description": "A number picker component for Ionic framework V1",
  "main": [
    "./dist/ionic-numberpicker.bundle.min.js"
  ],
  "keywords": [
    "ionic-numberpicker",
    "ionic",
    "number picker",
    "number picker for ionic",
    "number picker for ionic framework",
    "number picker for ionic framework version 1"
  ],
  "license": "MIT",
  "homepage": "https://github.com/milkcan",
  "ignore": [
    "**/.*",
    "node_modules",
    "bower_components",
    "test",
    "tests"
  ],
  "dependencies": {
    "ionic": ">=0.9.27"
  },
  "_release": "1.1.4",
  "_resolution": {
    "type": "version",
    "tag": "1.1.4",
    "commit": "8189509c835bdc60073083564e55843dd1d13d71"
  },
  "_source": "https://github.com/milkcan/ionic-numberpicker.git",
  "_target": "^1.1.4",
  "_originalSource": "ionic-numberpicker",
  "_direct": true
}