{
    "prepare_queue": {
        "installed": [],
        "uninstalled": []
    },
    "config_munge": {
        "files": {
            "res/xml/config.xml": {
                "parents": {
                    "/*": [
                        {
                            "xml": "<feature name=\"Device\"><param name=\"android-package\" value=\"org.apache.cordova.device.Device\" /></feature>",
                            "count": 1
                        },
                        {
                            "xml": "<feature name=\"SplashScreen\"><param name=\"android-package\" value=\"org.apache.cordova.splashscreen.SplashScreen\" /><param name=\"onload\" value=\"true\" /></feature>",
                            "count": 1
                        },
                        {
                            "xml": "<feature name=\"StatusBar\"><param name=\"android-package\" value=\"org.apache.cordova.statusbar.StatusBar\" /><param name=\"onload\" value=\"true\" /></feature>",
                            "count": 1
                        },
                        {
                            "xml": "<feature name=\"Whitelist\"><param name=\"android-package\" value=\"org.apache.cordova.whitelist.WhitelistPlugin\" /><param name=\"onload\" value=\"true\" /></feature>",
                            "count": 1
                        },
                        {
                            "xml": "<feature name=\"Keyboard\"><param name=\"android-package\" value=\"io.ionic.keyboard.IonicKeyboard\" /><param name=\"onload\" value=\"true\" /></feature>",
                            "count": 1
                        },
                        {
                            "xml": "<feature name=\"InAppBrowser\"><param name=\"android-package\" value=\"org.apache.cordova.inappbrowser.InAppBrowser\" /></feature>",
                            "count": 1
                        },
                        {
                            "xml": "<feature name=\"PlotCordovaPlugin\"><param name=\"android-package\" value=\"com.plotprojects.cordova.PlotCordovaPlugin\" /></feature>",
                            "count": 1
                        },
                        {
                            "xml": "<feature name=\"Badge\"><param name=\"android-package\" value=\"de.appplant.cordova.plugin.badge.Badge\" /></feature>",
                            "count": 1
                        },
                        {
                            "xml": "<feature name=\"SocialSharing\"><param name=\"android-package\" value=\"nl.xservices.plugins.SocialSharing\" /></feature>",
                            "count": 1
                        }
                    ]
                }
            },
            "AndroidManifest.xml": {
                "parents": {
                    "/manifest": [
                        {
                            "xml": "<uses-permission android:name=\"android.permission.ACCESS_COARSE_LOCATION\" />",
                            "count": 1
                        },
                        {
                            "xml": "<uses-permission android:name=\"android.permission.ACCESS_FINE_LOCATION\" />",
                            "count": 1
                        },
                        {
                            "xml": "<uses-permission android:name=\"android.permission.RECEIVE_BOOT_COMPLETED\" />",
                            "count": 1
                        },
                        {
                            "xml": "<uses-permission android:name=\"android.permission.VIBRATE\" />",
                            "count": 1
                        }
                    ],
                    "/manifest/application": [
                        {
                            "xml": "<activity android:configChanges=\"orientation|screenSize\" android:name=\"com.plotprojects.retail.android.LandingPageActivity\" />",
                            "count": 1
                        },
                        {
                            "xml": "<receiver android:name=\"com.plotprojects.retail.android.PlotBootReceiver\"><intent-filter><action android:name=\"android.intent.action.BOOT_COMPLETED\" /><action android:name=\"android.intent.action.QUICKBOOT_POWERON\" /><action android:name=\"com.htc.intent.action.QUICKBOOT_POWERON\" /><action android:name=\"android.intent.action.MY_PACKAGE_REPLACED\" /><action android:name=\"android.intent.action.ACTION_POWER_CONNECTED\" /><category android:name=\"android.intent.category.HOME\" /></intent-filter></receiver>",
                            "count": 1
                        },
                        {
                            "xml": "<receiver android:exported=\"false\" android:name=\"com.plotprojects.cordova.PlotCordovaNotificationOpenReceiver\"><intent-filter><action android:name=\"br.com.salvadieta.plot.OpenNotification\" /></intent-filter></receiver>",
                            "count": 1
                        },
                        {
                            "xml": "<service android:name=\"com.plotprojects.retail.android.PlotBackgroundService\"><meta-data android:name=\"debug\" android:value=\"false\" /></service>",
                            "count": 1
                        },
                        {
                            "xml": "<provider android:authorities=\"br.com.salvadieta.plot.debuglogprovider\" android:exported=\"true\" android:name=\"com.plotprojects.retail.android.DebugLogProvider\" />",
                            "count": 1
                        }
                    ],
                    "/*": [
                        {
                            "xml": "<uses-permission android:name=\"android.permission.WRITE_EXTERNAL_STORAGE\" />",
                            "count": 1
                        }
                    ]
                }
            }
        }
    },
    "installed_plugins": {
        "cordova-plugin-console": {
            "PACKAGE_NAME": "br.com.salvadieta"
        },
        "cordova-plugin-device": {
            "PACKAGE_NAME": "br.com.salvadieta"
        },
        "cordova-plugin-splashscreen": {
            "PACKAGE_NAME": "br.com.salvadieta"
        },
        "cordova-plugin-statusbar": {
            "PACKAGE_NAME": "br.com.salvadieta"
        },
        "cordova-plugin-whitelist": {
            "PACKAGE_NAME": "br.com.salvadieta"
        },
        "ionic-plugin-keyboard": {
            "PACKAGE_NAME": "br.com.salvadieta"
        },
        "cordova-plugin-inappbrowser": {
            "PACKAGE_NAME": "br.com.salvadieta"
        },
        "com.plotprojects.cordova": {
            "PACKAGE_NAME": "br.com.salvadieta"
        },
        "cordova-plugin-app-event": {
            "PACKAGE_NAME": "br.com.salvadieta"
        },
        "cordova-plugin-badge": {
            "PACKAGE_NAME": "br.com.salvadieta"
        },
        "cordova-plugin-x-socialsharing": {
            "PACKAGE_NAME": "br.com.salvadieta"
        }
    },
    "dependent_plugins": {},
    "modules": [
        {
            "file": "plugins/cordova-plugin-device/www/device.js",
            "id": "cordova-plugin-device.device",
            "clobbers": [
                "device"
            ]
        },
        {
            "file": "plugins/cordova-plugin-splashscreen/www/splashscreen.js",
            "id": "cordova-plugin-splashscreen.SplashScreen",
            "clobbers": [
                "navigator.splashscreen"
            ]
        },
        {
            "file": "plugins/cordova-plugin-statusbar/www/statusbar.js",
            "id": "cordova-plugin-statusbar.statusbar",
            "clobbers": [
                "window.StatusBar"
            ]
        },
        {
            "file": "plugins/ionic-plugin-keyboard/www/android/keyboard.js",
            "id": "ionic-plugin-keyboard.keyboard",
            "clobbers": [
                "cordova.plugins.Keyboard"
            ],
            "runs": true
        },
        {
            "file": "plugins/cordova-plugin-inappbrowser/www/inappbrowser.js",
            "id": "cordova-plugin-inappbrowser.inappbrowser",
            "clobbers": [
                "cordova.InAppBrowser.open",
                "window.open"
            ]
        },
        {
            "file": "plugins/com.plotprojects.cordova/plot.js",
            "id": "com.plotprojects.cordova.Plot",
            "clobbers": [
                "plot"
            ]
        },
        {
            "file": "plugins/cordova-plugin-badge/www/badge.js",
            "id": "cordova-plugin-badge.Badge",
            "clobbers": [
                "plugin.notification.badge",
                "cordova.plugins.notification.badge"
            ]
        },
        {
            "file": "plugins/cordova-plugin-x-socialsharing/www/SocialSharing.js",
            "id": "cordova-plugin-x-socialsharing.SocialSharing",
            "clobbers": [
                "window.plugins.socialsharing"
            ]
        }
    ],
    "plugin_metadata": {
        "cordova-plugin-console": "1.0.3",
        "cordova-plugin-device": "1.1.2",
        "cordova-plugin-splashscreen": "3.2.2",
        "cordova-plugin-statusbar": "2.1.3",
        "cordova-plugin-whitelist": "1.2.2",
        "ionic-plugin-keyboard": "2.2.0",
        "cordova-plugin-inappbrowser": "1.4.0",
        "com.plotprojects.cordova": "1.14.0",
        "cordova-plugin-app-event": "1.2.0",
        "cordova-plugin-badge": "0.7.2",
        "cordova-plugin-x-socialsharing": "5.1.2"
    }
}