{
  "name": "angular-messages",
  "version": "1.5.8",
  "license": "MIT",
  "main": "./angular-messages.js",
  "ignore": [],
  "dependencies": {
    "angular": "1.5.8"
  },
  "homepage": "https://github.com/angular/bower-angular-messages",
  "_release": "1.5.8",
  "_resolution": {
    "type": "version",
    "tag": "v1.5.8",
    "commit": "55b1706ce1fbedf88dc9a98f5e0cd01d00110178"
  },
  "_source": "https://github.com/angular/bower-angular-messages.git",
  "_target": "^1.5.8",
  "_originalSource": "angular-messages",
  "_direct": true
}